methodId,methodName,category,route,formulaDisplay,requiredInputs,optionalInputs,outputUnits,confidenceLabel,limitation,sourceNote,implementationStatus,relatedModules
mtd_001,Pace from Distance and Time,Pace & Speed,/pace,pace = time / distance,distance | time,,sec/km | min/km | sec/mi | min/mi,Formula,Requires accurate distance and elapsed/moving time choice.,Core arithmetic conversion used by running calculators.,readyForImplementation,Pace Calculator | Race Split Calculator | Workout Structure Calculator
mtd_002,Speed from Distance and Time,Pace & Speed,/pace,speed = distance / time,distance | time,,m/s | km/h | mph,Formula,Output depends on distance/time accuracy and unit consistency.,Core arithmetic conversion.,readyForImplementation,Pace Calculator | Speed Converter | Treadmill Calculator
mtd_003,Time from Distance and Pace,Pace & Speed,/pace,time = distance × pace,distance | pace,,time,Formula,Assumes pace remains constant across the full distance.,Core arithmetic conversion.,readyForImplementation,Pace Calculator | Race Planner | Workout Rep Calculator
mtd_004,Distance from Time and Pace,Pace & Speed,/pace,distance = time / pace,time | pace,,km | miles | m,Formula,Assumes constant pace and no pauses unless user includes elapsed time.,Core arithmetic conversion.,readyForImplementation,Pace Calculator | Workout Duration Calculator
mtd_005,Pace Unit Conversion,Pace & Speed,/pace,pace_sec_per_mile = pace_sec_per_km × 1.609344,pace,,sec/km | sec/mi | min/km | min/mi,Formula,Conversion is exact only if input pace is exact.,Standard unit conversion.,readyForImplementation,Pace Calculator | Unit Converter
mtd_006,Speed Unit Conversion,Pace & Speed,/pace,km/h = m/s × 3.6; mph = km/h / 1.609344,speed,,m/s | km/h | mph,Formula,"Conversion is exact, but source speed may be measured with error.",Standard unit conversion.,readyForImplementation,Speed Converter | Treadmill Calculator
mtd_007,Average Pace from Splits,Pace & Speed,/pace,averagePace = sum(splitTimes) / sum(splitDistances),splitDistances | splitTimes,,sec/km | sec/mi,Formula,Requires all split distances and times to be complete and consistent.,Weighted average arithmetic.,readyForImplementation,Split Calculator | Race Planner | Workout Analyzer
mtd_008,Even Split Table,Pace & Speed,/race,splitTime = targetFinishTime × splitDistance / raceDistance,targetFinishTime | raceDistance | splitDistance,,time | pace,Formula,Assumes perfectly even pacing; does not account for terrain or fatigue.,Core race split arithmetic.,readyForImplementation,Race Planner | Pace Band | Split Calculator
mtd_009,Negative Split Planner,Pace & Speed,/race,secondHalfPace = targetAveragePace × adjustmentFactor; firstHalf derived from total target time,targetDistance | targetFinishTime | negativeSplitPercent,,splitTime | pace,Formula,Planning tool only; not a guarantee of race execution.,Deterministic race pacing model.,readyForImplementation,Race Planner | Pace Band
mtd_010,Positive Split / Fade Percent,Pace Analysis,/race,fade% = (latePace - earlyPace) / earlyPace × 100,earlySegmentPace | lateSegmentPace,,percent,Formula,Interpretation depends on comparable segment length and terrain.,Simple pacing analysis metric.,readyForImplementation,Race Analyzer | Field Test Protocols
mtd_011,Split Deviation Percent,Pace Analysis,/race,deviation% = standardDeviation(splitPaces) / averagePace × 100,splitPaces,,percent,Formula,Requires consistent split lengths for clean interpretation.,Statistical split consistency metric.,readyForImplementation,Race Analyzer | Field Test Protocols
mtd_012,Elapsed vs Moving Pace Comparison,Pace Analysis,/pace,elapsedPace = elapsedTime / distance; movingPace = movingTime / distance,distance | elapsedTime | movingTime,,sec/km | sec/mi | percentDifference,Formula,GPS auto-pause settings can distort moving-time comparisons.,Core activity analysis arithmetic.,readyForImplementation,Pace Calculator | Activity Review
mtd_013,Riegel Race Prediction,Race Prediction,/race,T2 = T1 × (D2 / D1)^exponent,knownDistance | knownTime | targetDistance | exponent,,time | pace,Estimate,Accuracy decreases when target distance is very different from known race distance or when athlete endurance profile differs from exponent.,Common endurance race prediction model; exponent should be user-visible and editable.,readyForImplementation,Race Predictor | Pace Calculator | Formula Library
mtd_014,Age-Grading Style Relative Performance Placeholder,Race Analysis,/race,relativePerformance = userResult / referenceResult × 100 or inverse depending table design,userResult | referenceTableValue,,percent,Requires Source Table,Requires a valid external reference table; Track.Lab should not fabricate tables.,Metadata placeholder only; do not implement without verified table data.,plannedNeedsVerifiedTable,Race Analyzer
mtd_015,Target Race Pace from Goal Time,Race Planning,/race,targetPace = goalTime / raceDistance,goalTime | raceDistance,,pace | splitTimes,Formula,Goal may be unrealistic; this only calculates the required pace.,Core race planning arithmetic.,readyForImplementation,Race Planner | Pace Band
mtd_016,Race Time from Target Pace,Race Planning,/race,finishTime = targetPace × raceDistance,targetPace | raceDistance,,time,Formula,Assumes constant target pace.,Core race planning arithmetic.,readyForImplementation,Race Planner | Pace Calculator
mtd_017,Equivalent Race Pace from Manual PB,Race Prediction,/race,targetTime = knownTime × (targetDistance / knownDistance)^exponent,knownRaceDistance | knownRaceTime | targetRaceDistance | exponent,,time | pace,Estimate,Equivalent performance is model-based and not a guarantee.,Riegel-style prediction using manual PB input only.,readyForImplementation,Race Predictor | Training Pace Lab
mtd_018,Race Split by Kilometer,Race Planning,/race,split_k = targetPacePerKm × k,targetPacePerKm | raceDistanceKm,,cumulativeTime | splitTime,Formula,Flat/even split only; terrain and pacing strategy not included.,Core split table calculation.,readyForImplementation,Pace Band | Race Planner
mtd_019,Race Split by Mile,Race Planning,/race,split_mile = targetPacePerMile × mileNumber,targetPacePerMile | raceDistanceMiles,,cumulativeTime | splitTime,Formula,Flat/even split only; race course variation not included.,Core split table calculation.,readyForImplementation,Pace Band | Race Planner
mtd_020,Race Cutoff Pace,Race Planning,/race,requiredPace = cutoffTime / raceDistance,cutoffTime | raceDistance,,pace | speed,Formula,Does not include aid station time unless user manually includes it.,Core race logistics calculation.,readyForImplementation,Race Planner | Ultra Planner
mtd_021,Percent HRmax Zone,Heart Rate Zones,/zones,zoneBpm = HRmax × zonePercent,HRmax | zonePercentRange,,bpmRange,Estimate,HRmax must be measured or manually entered; age-predicted HRmax can be inaccurate.,Common HR zone calculation.,readyForImplementation,Heart Rate Zone Calculator | Training Zone Calculator
mtd_022,Karvonen Heart Rate Reserve,Heart Rate Zones,/zones,targetHR = restingHR + intensity% × (HRmax - restingHR),restingHR | HRmax | intensityPercentRange,,bpmRange,Estimate,Requires reliable resting HR and HRmax; does not guarantee physiological zone boundaries.,Common HRR method.,readyForImplementation,Heart Rate Zone Calculator | Recovery Check
mtd_023,LTHR-Based Zone,Heart Rate Zones,/zones,zoneBpm = LTHR × zonePercentRange,LTHR | zonePercentRange,,bpmRange,Estimate,LTHR must come from a valid field/lab test; heat and fatigue affect HR.,Threshold HR zone method using user-entered LTHR.,readyForImplementation,Heart Rate Zone Calculator | Field Test Protocols
mtd_024,HR Reserve,Heart Rate,/zones,HRR = HRmax - restingHR,HRmax | restingHR,,bpm,Formula,Only meaningful if HRmax and resting HR are reliable.,Core HR arithmetic.,readyForImplementation,Heart Rate Zone Calculator
mtd_025,Percent HRmax from Current HR,Heart Rate,/recovery,percentHRmax = currentHR / HRmax × 100,currentHR | HRmax,,percent,Formula,Requires accurate HRmax and current HR measurement.,Core HR arithmetic.,readyForImplementation,Heart Rate Lab | Recovery Check
mtd_026,Percent LTHR from Current HR,Heart Rate,/zones,percentLTHR = currentHR / LTHR × 100,currentHR | LTHR,,percent,Formula,LTHR field estimate may be inaccurate if test was poorly paced.,Core threshold HR arithmetic.,readyForImplementation,Heart Rate Lab | Training Zone Calculator
mtd_027,Resting HR Delta,Recovery,/recovery,deltaRHR = currentRestingHR - baselineRestingHR,currentRestingHR | baselineRestingHR,,bpm,Trend Metric,"Not a diagnosis; affected by sleep, stress, illness, hydration, and measurement method.",Simple trend metric.,readyForImplementation,Recovery Check | Heart Rate Lab
mtd_028,HR Recovery 1-Minute,Recovery,/field-tests,HRR_1min = peakHR - HR_after_1min,peakHR | HR_after_1min,,bpm,Field Metric,Not medical diagnosis; compare only under similar effort and recovery mode.,Field recovery metric.,readyForImplementation,Field Test Protocols | Recovery Check
mtd_029,HR Recovery 2-Minute,Recovery,/field-tests,HRR_2min = peakHR - HR_after_2min,peakHR | HR_after_2min,,bpm,Field Metric,"Affected by recovery posture, heat, effort, and sensor accuracy.",Field recovery metric.,readyForImplementation,Field Test Protocols | Recovery Check
mtd_030,HR Drift Percent,Aerobic Drift,/field-tests,HRDrift% = (secondHalfHR - firstHalfHR) / firstHalfHR × 100,firstHalfHR | secondHalfHR,,percent,Field Metric,"Weak if pace, terrain, heat, hydration, or sensor quality changes.",Simple drift metric.,readyForImplementation,Field Test Protocols | Easy Run Drift Test
mtd_031,Cooper 12-Minute VO2max Estimate,Field Test,/field-tests,VO2max = (distance_m - 504.9) / 44.73,distance_12min_m,,ml/kg/min,Estimate,"Field estimate only; affected by pacing, weather, surface, motivation, and measurement accuracy.",Cooper 12-minute field test equation.,readyForImplementation,Field Test Protocols | VO2 Lab
mtd_032,12-Minute Test Average Speed,Field Test,/field-tests,speed = distance_12min_m / 720,distance_12min_m,,m/s | km/h | pace,Formula,"Exact from entered distance, but distance may have measurement error.",Core arithmetic for Cooper protocol.,readyForImplementation,Field Test Protocols | Pace Calculator
mtd_033,20-Minute Threshold Pace Estimate,Field Test,/field-tests,thresholdPace = 1200 / (distance_20min_m / 1000),distance_20min_m,,sec/km | min/km,Field Estimate,Estimates threshold from field performance; not direct lactate measurement.,Common field threshold pace estimation from 20-min hard effort.,readyForImplementation,Field Test Protocols | Training Pace Lab
mtd_034,30-Minute LTHR Estimate,Field Test,/field-tests,estimatedLTHR = averageHR_last20min,averageHR_last20min,,bpm,Field Estimate,Requires reliable HR data and controlled 30-minute effort.,Common field LTHR test convention.,readyForImplementation,Field Test Protocols | Heart Rate Zone Calculator
mtd_035,Time Trial Pace,Field Test,/field-tests,testPace = finishTime / testDistance,finishTime | testDistance,,pace | speed,Formula,Exact from input; result quality depends on route accuracy and effort validity.,Core field test calculation.,readyForImplementation,Field Test Protocols | Pace Calculator
mtd_036,Field Test Pacing Stability,Field Test Quality,/field-tests,stability% = abs(firstHalfPace - secondHalfPace) / averagePace × 100,firstHalfPace | secondHalfPace | averagePace,,percent,Quality Check,Only meaningful on comparable halves of the same route/test.,Field test quality-control metric.,readyForImplementation,Field Test Protocols | Race Analyzer
mtd_037,Estimated MET from VO2,Metabolic Estimate,/field-tests,MET = VO2_ml_kg_min / 3.5,VO2_ml_kg_min,,MET,Estimate,MET is an estimate and not a direct lab measurement when VO2 is estimated.,Standard metabolic conversion.,readyForImplementation,VO2 Lab | Field Test Protocols
mtd_038,2-Point Critical Speed,Critical Speed,/critical-speed,CS = (D2 - D1) / (T2 - T1),D1 | T1 | D2 | T2,,m/s | km/h | sec/km,Model Estimate,"Unstable if trials are not maximal, too close in duration, or measured poorly.",Linear distance-time critical speed model.,readyForImplementation,Critical Speed Lab | Field Test Protocols
mtd_039,2-Point D Prime,Critical Speed,/critical-speed,D′ = D1 - CS × T1,D1 | T1 | criticalSpeed,,m,Model Estimate,D′ is model-derived and sensitive to trial quality.,Critical speed distance-time model.,readyForImplementation,Critical Speed Lab
mtd_040,3-Point Critical Speed Regression,Critical Speed,/critical-speed,distance = CS × time + D′; CS = regression slope,trialDistances | trialTimes,,m/s | km/h | sec/km,Model Estimate,Requires at least three valid maximal trials; outliers must be visible.,Linear regression distance-time model.,readyForImplementation,Critical Speed Lab | Field Test Protocols
mtd_041,Critical Pace from Critical Speed,Critical Speed,/critical-speed,criticalPace_sec_per_km = 1000 / CS_m_s,criticalSpeed_m_s,,sec/km | min/km,Model Estimate,Only as valid as the CS estimate.,Core speed-to-pace conversion.,readyForImplementation,Critical Speed Lab | Pace Calculator
mtd_042,D Prime Time-to-Exhaustion Above CS,Critical Speed,/critical-speed,TTE = D′ / (targetSpeed - CS),DPrime | targetSpeed | criticalSpeed,,seconds,Model Estimate,Only valid when targetSpeed > CS; real-world fatigue is more complex.,Critical speed model application.,readyForImplementation,Critical Speed Lab | Workout Calculator
mtd_043,Speed from CS and D′ for Target Duration,Critical Speed,/critical-speed,targetSpeed = CS + D′ / targetDuration,criticalSpeed | DPrime | targetDuration,,m/s | pace,Model Estimate,Model estimate; not a workout prescription.,Critical speed model application.,readyForImplementation,Critical Speed Lab | Race Predictor
mtd_044,CS Model Residual,Critical Speed Quality,/critical-speed,residual = observedDistance - predictedDistance,observedDistance | predictedDistance,,m,Quality Check,Used for model fit inspection; not a performance score.,Regression quality-control metric.,readyForImplementation,Critical Speed Lab
mtd_045,CS Regression R-Squared,Critical Speed Quality,/critical-speed,R² = 1 - SSE / SST,observedDistances | predictedDistances,,unitless,Quality Check,High R² does not guarantee physiological validity if trials are poor.,Regression fit statistic.,readyForImplementation,Critical Speed Lab
mtd_046,Race-Derived Pace Zone Factor,Training Zones,/zones,zonePace = anchorRacePace × factorRange,anchorRacePace | factorRange,,paceRange,Estimate,Factor ranges must be transparent and editable; different systems use different ranges.,Generic deterministic zone derivation from manual race input.,readyForImplementation,Training Pace Lab | Formula Library
mtd_047,Threshold Pace Zone Factor,Training Zones,/zones,zonePace = thresholdPace × factorRange,thresholdPace | factorRange,,paceRange,Estimate,Field threshold pace may be inaccurate; factor model must be disclosed.,Generic threshold-based pace zone derivation.,readyForImplementation,Training Pace Lab | Field Test Protocols
mtd_048,Critical Speed Zone Factor,Training Zones,/zones,zoneSpeed = criticalSpeed × factorRange,criticalSpeed | factorRange,,speedRange | paceRange,Estimate,CS-derived zones depend on model quality and factor choices.,Generic critical-speed zone derivation.,readyForImplementation,Critical Speed Lab | Training Pace Lab
mtd_049,80/20 Time Distribution,Training Distribution,/load,lowIntensityTime = totalTrainingTime × 0.80; highIntensityTime = totalTrainingTime × 0.20,totalTrainingTime | distributionPercent,,minutes | hours | percent,Planning Estimate,"Distribution target is a planning summary, not an automatic prescription.",Training-intensity distribution metadata; percentages must remain user-visible.,readyForImplementation,Load Lab | Training Distribution
mtd_050,Polarized Distribution Summary,Training Distribution,/load,zoneShare% = zoneTime / totalTime × 100,zoneTime | totalTime,,percent,Formula,Interpretation depends on zone model and accurate activity labeling.,Time-in-zone arithmetic.,readyForImplementation,Load Lab | Training Distribution
mtd_051,Rep Time from Distance and Pace,Workout Structure,/workouts,repTime = repDistance × repPace,repDistance | repPace,,time,Formula,Assumes constant rep pace.,Core interval calculation.,readyForImplementation,Workout Structure Calculator | Workout Library
mtd_052,Total Work Distance,Workout Structure,/workouts,totalWorkDistance = reps × repDistance,reps | repDistance,,m | km,Formula,"For mixed workouts, sum each segment separately.",Core interval calculation.,readyForImplementation,Workout Structure Calculator | Workout Library
mtd_053,Total Work Time,Workout Structure,/workouts,totalWorkTime = reps × repTime,reps | repTime,,time,Formula,"For mixed workouts, use sum of each segment.",Core interval calculation.,readyForImplementation,Workout Structure Calculator | Workout Library
mtd_054,Total Rest Time,Workout Structure,/workouts,totalRestTime = recoveries × recoveryDuration,recoveries | recoveryDuration,,time,Formula,Last recovery may be excluded depending workout design; UI must specify rule.,Core interval calculation.,readyForImplementation,Workout Structure Calculator | Workout Library
mtd_055,Session Duration Estimate,Workout Structure,/workouts,sessionDuration = warmup + mainSet + recovery + cooldown,warmupDuration | mainSetDuration | recoveryDuration | cooldownDuration,,time,Formula,Only as accurate as entered segment durations.,Core workout calculation.,readyForImplementation,Workout Structure Calculator | Workout Library
mtd_056,Work-to-Rest Ratio,Workout Structure,/workouts,workRestRatio = workDuration / restDuration,workDuration | restDuration,,ratio,Formula,Does not capture intensity or recovery quality.,Core interval structure metric.,readyForImplementation,Workout Structure Calculator
mtd_057,Total Quality Distance,Workout Structure,/workouts,qualityDistance = sum(distance of segments tagged moderate/high intensity),segments | intensityTags,,m | km,Formula,Depends on correct segment tagging.,Workout analysis metric.,readyForImplementation,Workout Structure Calculator | Load Lab
mtd_058,Total Quality Time,Workout Structure,/workouts,qualityTime = sum(duration of segments tagged moderate/high intensity),segments | intensityTags,,time,Formula,Depends on correct segment tagging.,Workout analysis metric.,readyForImplementation,Workout Structure Calculator | Load Lab
mtd_059,Ladder Split Calculator,Workout Structure,/workouts,segmentTime_i = segmentDistance_i × targetPace_i,segmentDistances | targetPaces,,time | pace,Formula,Requires target pace per segment or shared pace rule.,Core mixed-interval calculation.,readyForImplementation,Workout Structure Calculator | Workout Library
mtd_060,Pyramid Split Calculator,Workout Structure,/workouts,segmentTime_i = segmentDistance_i × targetPace_i; total = Σ segmentTime_i,segmentDistances | targetPaces,,time | pace | totalWorkTime,Formula,Requires clear segment list and target pace rule.,Core mixed-interval calculation.,readyForImplementation,Workout Structure Calculator | Workout Library
mtd_061,Session RPE Load,Training Load,/load,load = duration_minutes × sessionRPE,durationMinutes | sessionRPE,,AU,Field Metric,"Subjective; affected by mood, heat, sleep, and interpretation of RPE scale.",Common session-RPE training load method.,readyForImplementation,Load Lab | Recovery Check
mtd_062,Weekly Load Sum,Training Load,/load,weeklyLoad = Σ dailyLoad,dailyLoads,,AU | minutes | km,Formula,Only summarizes entered load; not injury prediction.,Core aggregation.,readyForImplementation,Load Lab | Training Summary
mtd_063,Training Monotony,Training Load,/load,monotony = mean(dailyLoad) / standardDeviation(dailyLoad),dailyLoads,,unitless,Estimate,Can be unstable when standard deviation is very small; not a diagnosis.,Simple load-distribution metric.,readyForImplementation,Load Lab
mtd_064,Training Strain,Training Load,/load,strain = weeklyLoad × monotony,weeklyLoad | monotony,,AU,Estimate,Interpretation is limited; should not be used as automatic injury prediction.,Training load summary metric.,readyForImplementation,Load Lab
mtd_065,Acute Chronic Workload Ratio,Training Load,/load,ACWR = acuteLoad / chronicLoad,acuteLoad | chronicLoad,,ratio,Cautionary Metric,Controversial as injury predictor; use only as descriptive load ratio with warnings.,"Descriptive workload ratio, not a safety guarantee.",optionalWithWarning,Load Lab
mtd_066,Rolling Average Load,Training Load,/load,rollingAverage = mean(load over selected window),loads | windowLength,,AU | km | minutes,Formula,Window choice changes interpretation.,Core time-series aggregation.,readyForImplementation,Load Lab | Trend Lab
mtd_067,Load Delta Percent,Training Load,/load,delta% = (currentLoad - previousLoad) / previousLoad × 100,currentLoad | previousLoad,,percent,Formula,Cannot determine whether change is safe by itself.,Simple comparative metric.,readyForImplementation,Load Lab | Trend Lab
mtd_068,Time in Zone Sum,Training Load,/load,zoneTime_i = Σ duration in zone_i,zoneDurations,,minutes | percent,Formula,Depends on selected zone model and accurate activity data/manual input.,Core zone aggregation.,readyForImplementation,Load Lab | Zone Lab
mtd_069,Carbohydrate per Hour,Fuel & Hydration,/fuel-hydration,carb_g_per_hour = totalCarb_g / duration_hours,totalCarb_g | duration_hours,,g/h,Formula,Calculates observed intake only; not individualized medical nutrition advice.,Core fueling arithmetic.,readyForImplementation,Fuel & Hydration Lab | Long Run Fueling Test
mtd_070,Total Carbohydrate Target,Fuel & Hydration,/fuel-hydration,totalCarb_g = carb_g_per_hour × duration_hours,carb_g_per_hour | duration_hours,,g,Formula,Target must be user-selected; Track.Lab should not auto-prescribe aggressive intake.,Core fueling planning arithmetic.,readyForImplementation,Fuel & Hydration Lab | Race Planner
mtd_071,Fluid per Hour,Fuel & Hydration,/fuel-hydration,fluid_L_per_hour = totalFluid_L / duration_hours,totalFluid_L | duration_hours,,L/h | mL/h,Formula,Observed intake only; fluid needs are condition-specific.,Core hydration arithmetic.,readyForImplementation,Fuel & Hydration Lab | Long Run Fueling Test
mtd_072,Total Fluid Target,Fuel & Hydration,/fuel-hydration,totalFluid_L = fluid_L_per_hour × duration_hours,fluid_L_per_hour | duration_hours,,L | mL,Formula,Target must be user-selected; avoid overdrinking warnings required.,Core hydration planning arithmetic.,readyForImplementation,Fuel & Hydration Lab | Race Planner
mtd_073,Sodium per Hour,Fuel & Hydration,/fuel-hydration,sodium_mg_per_hour = totalSodium_mg / duration_hours,totalSodium_mg | duration_hours,,mg/h,Formula,"Observed intake only; sodium needs vary by sweat rate, diet, heat, and medical factors.",Core sodium intake arithmetic.,readyForImplementation,Fuel & Hydration Lab | Long Run Fueling Test
mtd_074,Sodium Concentration,Fuel & Hydration,/fuel-hydration,sodium_mg_per_L = totalSodium_mg / totalFluid_L,totalSodium_mg | totalFluid_L,,mg/L,Formula,Requires total fluid > 0; product labels may be approximate.,Core concentration calculation.,readyForImplementation,Fuel & Hydration Lab
mtd_075,Sweat Loss Estimate,Fuel & Hydration,/field-tests,sweatLoss_L = preWeight_kg - postWeight_kg + fluidIntake_L - urineOutput_L,preWeight_kg | postWeight_kg | fluidIntake_L,,L,Field Estimate,"Assumes 1 kg body mass change ≈ 1 L fluid; affected by clothing, scale, gut content, and unrecorded output.",Field sweat-rate method.,readyForImplementation,Field Test Protocols | Fuel & Hydration Lab
mtd_076,Sweat Rate Estimate,Fuel & Hydration,/field-tests,sweatRate_L_h = sweatLoss_L / duration_hours,sweatLoss_L | duration_hours,,L/h,Field Estimate,"Condition-specific; do not generalize across heat, humidity, intensity, or clothing.",Field sweat-rate method.,readyForImplementation,Field Test Protocols | Fuel & Hydration Lab
mtd_077,Body Mass Loss Percent,Fuel & Hydration,/field-tests,bodyMassLoss% = (preWeight_kg - postWeight_kg) / preWeight_kg × 100,preWeight_kg | postWeight_kg,,percent,Field Metric,Affected by scale precision and clothing water retention.,Core field hydration metric.,readyForImplementation,Field Test Protocols | Fuel & Hydration Lab
mtd_078,Fueling Timeline Segment,Fuel & Hydration,/fuel-hydration,carbPerSegment = totalCarb_g / numberOfSegments,totalCarb_g | numberOfSegments,,g/segment,Formula,Timeline structure only; tolerance must be practiced manually.,Core fueling schedule arithmetic.,readyForImplementation,Fuel & Hydration Lab | Race Planner
mtd_079,Bottle Mix Concentration,Fuel & Hydration,/fuel-hydration,concentration_g_per_L = carb_g / fluid_L,carb_g | fluid_L,,g/L | percent w/v,Formula,Does not guarantee gut tolerance; product solubility varies.,Core drink-mix arithmetic.,readyForImplementation,Fuel & Hydration Lab | DIY Mix Calculator
mtd_080,Carbohydrate Percent Weight/Volume,Fuel & Hydration,/fuel-hydration,percent_wv = carb_g / fluid_mL × 100,carb_g | fluid_mL,,percent,Formula,Simple concentration only; not medical nutrition guidance.,Core concentration calculation.,readyForImplementation,Fuel & Hydration Lab | DIY Mix Calculator
mtd_081,Treadmill Pace from Speed,Treadmill,/treadmill,pace_sec_per_km = 3600 / speed_kmh,speed_kmh,,sec/km | min/km,Formula,Treadmill displayed speed may be miscalibrated.,Core treadmill conversion.,readyForImplementation,Treadmill Calculator | Pace Calculator
mtd_082,Treadmill Speed from Pace,Treadmill,/treadmill,speed_kmh = 3600 / pace_sec_per_km,pace_sec_per_km,,km/h,Formula,Treadmill displayed speed may not equal belt speed exactly.,Core treadmill conversion.,readyForImplementation,Treadmill Calculator | Pace Calculator
mtd_083,ACSM Running VO2 Equation,Treadmill / Metabolic,/treadmill,VO2 = 0.2 × speed_m_min + 0.9 × speed_m_min × grade + 3.5,speed_m_min | grade_decimal,,ml/kg/min | MET,Estimate,Estimate for steady-state running; not a lab measurement and may not fit every runner.,ACSM metabolic equation commonly used for treadmill running estimates.,readyForImplementation,Treadmill Calculator | VO2 Lab
mtd_084,ACSM Walking VO2 Equation,Treadmill / Metabolic,/treadmill,VO2 = 0.1 × speed_m_min + 1.8 × speed_m_min × grade + 3.5,speed_m_min | grade_decimal,,ml/kg/min | MET,Estimate,Estimate for walking; less appropriate for running speeds.,ACSM metabolic equation commonly used for treadmill walking estimates.,readyForImplementation,Treadmill Calculator | VO2 Lab
mtd_085,Treadmill Calibration Error Percent,Treadmill,/field-tests,error% = (displaySpeed - measuredSpeed) / measuredSpeed × 100,displaySpeed | measuredSpeed,,percent,Field Estimate,Consumer calibration test only; not certified equipment calibration.,Field equipment check.,readyForImplementation,Field Test Protocols | Treadmill Calculator
mtd_086,Grade Percent,Elevation,/elevation,grade% = elevationGain / horizontalDistance × 100,elevationGain | horizontalDistance,,percent,Formula,GPS/barometer elevation errors can be large; grade varies by segment.,Core elevation calculation.,readyForImplementation,Elevation Calculator | Trail Run Calculator
mtd_087,Elevation Gain per Kilometer,Elevation,/elevation,gainPerKm = elevationGain_m / distance_km,elevationGain_m | distance_km,,m/km,Formula,Does not reflect technical terrain or descent load.,Core elevation summary.,readyForImplementation,Elevation Calculator | Trail Run Calculator
mtd_088,Heat Index Metadata Placeholder,Environment,/environment,"heatIndex = function(temperature, humidity)",temperature | humidity,,temperatureEquivalent,Requires Formula Selection,Requires validated formula selection and units; avoid hidden assumptions.,Metadata placeholder; implement only with explicit formula and source note.,plannedNeedsFormulaSelection,Environment Lab
mtd_089,Dew Point Metadata Placeholder,Environment,/environment,"dewPoint = function(temperature, relativeHumidity)",temperature | relativeHumidity,,temperature,Requires Formula Selection,Multiple approximations exist; formula must be disclosed.,Metadata placeholder; implement only with explicit formula and source note.,plannedNeedsFormulaSelection,Environment Lab
mtd_090,Wind Pace Impact Placeholder,Environment,/environment,"paceAdjustment = function(windSpeed, windDirection, runnerSpeed)",windSpeed | windDirection | runnerSpeed,,paceAdjustment,Low / Placeholder,Complex aerodynamic model; do not implement as precise unless model is explicitly selected and validated.,Metadata placeholder only.,researchOnly,Environment Lab | Race Planner
mtd_091,Cadence Steps per Minute,Biomechanics,/biomechanics,cadence_spm = steps / (duration_sec / 60),steps | duration_sec,,steps/min,Formula,Requires accurate step count and stable segment duration.,Core biomechanics arithmetic.,readyForImplementation,Biomechanics Lab | Field Test Protocols
mtd_092,Step Length from Distance and Steps,Biomechanics,/biomechanics,stepLength_m = distance_m / steps,distance_m | steps,,m/step,Formula,Clarify step length vs stride-cycle length in UI.,Core biomechanics arithmetic.,readyForImplementation,Biomechanics Lab | Field Test Protocols
mtd_093,Stride-Cycle Length,Biomechanics,/biomechanics,strideCycleLength_m = 2 × stepLength_m,stepLength_m,,m/stride-cycle,Formula,Terminology varies; UI must label this clearly.,Core biomechanics conversion.,readyForImplementation,Biomechanics Lab
mtd_094,Stride Length from Speed and Cadence,Biomechanics,/biomechanics,stepLength_m = speed_m_s × 60 / cadence_spm,speed_m_s | cadence_spm,,m/step,Formula,Assumes stable speed and cadence over the measured segment.,Core speed-cadence-stride relationship.,readyForImplementation,Biomechanics Lab | Pace Calculator
mtd_095,Total Steps Estimate,Biomechanics,/biomechanics,steps = cadence_spm × duration_minutes,cadence_spm | duration_minutes,,steps,Formula,Only valid if cadence is stable for the duration.,Simple step estimate.,readyForImplementation,Biomechanics Lab
mtd_096,Ground Contact Ratio Placeholder,Biomechanics,/biomechanics,ratio = groundContactTime / strideCycleTime,groundContactTime | strideCycleTime,,percent,Requires Sensor/Input,Requires wearable sensor data; Track.Lab manual mode should avoid fake values.,Metadata placeholder only for manual/wearable input.,optionalManualOnly,Biomechanics Lab
mtd_097,Vertical Ratio Placeholder,Biomechanics,/biomechanics,verticalRatio = verticalOscillation / strideLength × 100,verticalOscillation | strideLength,,percent,Requires Sensor/Input,Requires reliable wearable data; not a standalone form diagnosis.,Metadata placeholder only for manual/wearable input.,optionalManualOnly,Biomechanics Lab
mtd_098,Sleep Duration Delta,Recovery,/recovery,sleepDelta = currentSleepHours - baselineSleepHours,currentSleepHours | baselineSleepHours,,hours,Trend Metric,Descriptive only; does not score readiness automatically.,Manual self-monitoring metric.,readyForImplementation,Recovery Check
mtd_099,Body Weight Delta Percent,Recovery / Body Metrics,/recovery,weightDelta% = (currentWeight - baselineWeight) / baselineWeight × 100,currentWeight | baselineWeight,,percent,Trend Metric,"Weight fluctuates with hydration, food, and measurement conditions.",Simple trend metric.,readyForImplementation,Recovery Check | Fuel & Hydration Lab
mtd_100,Subjective Wellness Sum,Recovery,/recovery,wellnessScore = Σ selectedManualRatings,manualRatings,,score,Manual Score,Subjective and user-defined; should not become AI readiness advice.,Manual wellness aggregation.,readyForImplementation,Recovery Check
mtd_101,Shoe Mileage Accumulation,Gear,/gear,shoeDistance = Σ runDistanceAssignedToShoe,runDistances,,km | miles,Formula,Requires user to assign runs manually; no automatic guarantee of shoe condition.,Core gear tracking arithmetic.,readyForImplementation,Gear Calculator
mtd_102,Cost per Kilometer,Gear,/gear,costPerKm = shoeCost / shoeDistanceKm,shoeCost | shoeDistanceKm,,currency/km,Formula,Economic metric only; not durability prediction.,Core gear arithmetic.,readyForImplementation,Gear Calculator
mtd_103,Shoe Retirement Threshold Progress,Gear,/gear,progress% = shoeDistance / userRetirementThreshold × 100,shoeDistance | userRetirementThreshold,,percent,User-Defined,"Threshold must be user-defined; wear depends on runner, surface, shoe, and mechanics.",Manual gear tracking metric.,readyForImplementation,Gear Calculator
mtd_104,Simple Running Energy Cost,Metabolic Estimate,/energy,kcal ≈ bodyWeight_kg × distance_km,bodyWeight_kg | distance_km,,kcal,Rough Estimate,"Very rough estimate; ignores pace, grade, economy, wind, and individual variation.",Common rough running energy heuristic.,readyForImplementation,Energy Calculator
mtd_105,Power-to-Weight Ratio,Power,/power,powerToWeight = power_watts / bodyWeight_kg,power_watts | bodyWeight_kg,,W/kg,Formula,Requires real power input from device or manual entry; do not generate fake power.,Core power arithmetic.,readyForImplementation,Power Calculator
mtd_106,Running Power Pace Efficiency,Power,/power,efficiency = speed_m_s / power_watts or power_watts / speed_m_s,speed_m_s | power_watts,,m/s/W | W per m/s,Device-Dependent,Device power is model-dependent and not directly comparable across brands.,Descriptive power efficiency metric.,readyForImplementation,Power Calculator
mtd_107,Weekly Distance Sum,Planning,/planner,weeklyDistance = Σ runDistances,runDistances,,km | miles,Formula,Only sums entered/planned runs; not a coaching recommendation.,Core planning arithmetic.,readyForImplementation,Planner | Load Lab
mtd_108,Weekly Duration Sum,Planning,/planner,weeklyDuration = Σ runDurations,runDurations,,minutes | hours,Formula,Only sums entered/planned runs.,Core planning arithmetic.,readyForImplementation,Planner | Load Lab
mtd_109,Long Run Share of Weekly Distance,Planning,/planner,longRunShare% = longRunDistance / weeklyDistance × 100,longRunDistance | weeklyDistance,,percent,Descriptive Metric,Descriptive only; does not decide whether the plan is safe.,Planning summary metric.,readyForImplementation,Planner | Load Lab
mtd_110,Hard Session Count,Planning,/planner,hardSessionCount = count(sessions tagged moderate/high intensity),sessionIntensityTags,,count,Descriptive Metric,Tagging must be manual/deterministic; no AI interpretation.,Planning summary metric.,readyForImplementation,Planner | Workout Library
